{
  "title": "Turret test",
  "createdby": "The architect",
  "difficulty": "Easy",
  "description": "",
  "playerStart": {
    "x": 0,
    "y": 400
  },
  "exit": {
    "x": 735.5,
    "y": 528.5
  },
  "asteroids": [
    {
      "x": 412.32653642096363,
      "y": 405.2789105965061
    }
  ],
  "coins": [
    {
      "x": 620.7202023766774,
      "y": 108.79716785348035
    }
  ],
  "enemies": [
    {
      "x": 272.52471954002203,
      "y": 277.61922013791934,
      "enemy_type": "basic_turret"
    }
  ],
  "borderpivots": []
}